route_id,Route_Code,Route_Origin,Route_Destination
route_57,VMF-6,S.V.METRO STATION,CENTRAL SILK BOARD
route_55,V-G7,KEMPEGOWDA BUS STATION,JANAPRIYA TOWNSHIP
route_30,V-13,SHIVAJINAGRA BUS STATION,BANASHANKARI TTMC
route_32,V-15E,KEMPEGOWDA BUS STATION,KUMARASWAMY LAYOUT
route_29,V-129,KEMPEGOWDA BUS STATION,TO SHIVAJINAGAR BUS STATION
route_31,V-150,TO K.R MARKE,
route_33,V-215H,KEMPEGOWDA BUS STATION,JAMBU SAVARI DINNE
route_34,V-240M,K.R.MARKE,MAGADI
route_35,V-276,KEMPEGOWDA BUS STATION,VIDYARANYAPURA
route_36,V-285M,KEMPEGOWDA BUS STATION,DODDABALLAPURA
route_37,V-317A,HOSAKOTE,
route_40,V-342F,KEMPEGOWDA BUS STATION,SARJAPURA
route_38,V-333E,KADUGODI BUS STATION,"(Via,/MRHB/VARTHUR KODI/WHITEFIELD P.OFFICE/HOPE FORM)"
route_39,V-335E,KEMPEGOWDA BUS STATION,KADUGODI
route_39,V-335E,KADUGODI,
route_41,V-356M,ANEKAL,
route_42,V-360B,KEMPEGOWDA BUS STATION,ATTIBELE
route_42,V-360B,ATTIBELE,VAJRA BUS SERVICE
route_42,V-360B,ATTIBELE,
route_43,V-365,KEMPEGOWDA BUS STATION,BNNERUGHATTA NATIONAL PARK
route_43,V-365,BANNERGATTA NATIONAL PARK,
route_44,V-365J,JIGANI,
route_44,V-365J,KEMPEGOWDA BUS STATION,JIGANI
route_45,V-365Y,YESHAWANTHAPURA  TTMC,BANNERUGATTA ZOO/NATIONAL PARK
route_45,V-365Y,YESHAWANTHAPURA TTMC,BANNERUGATTA ZOO/NATIONAL PARK
route_46,V-378,KENGERI TTMC,ELECTRONIC CITY
route_48,V-500CA,BANASHANKARI TTMC,ITPL
route_48,V-500CA,BANASHANKARI,
route_49,V-500CK,BANASHANKARI,
route_50,V-500D,CENTRAL SILK BOARD,HEBBALA
route_51,V-500DF,ITPL,
route_47,V-500A,HEBBALA,
route_47,V-500A,BANASHANKARI TTMC,HEBBALA
route_52,V-500F,KADUGODI,
route_53,V-500KE,ITPL,
route_54,V-BENGALURU DARSHINI,KEMPEGOWDA BUS STATION,KEMPEGOWDA BUS STATION 
route_56,V-TATA ELXSI,DODDABOMMASANDA,TATA ELXSI
route_56,V-TATA ELXSI,BONE MILL,TATA ELXSI
route_56,V-TATA ELXSI,HUSUKUR GATE,TATA ELXSI
route_56,V-TATA ELXSI,ANJANAPURA  MANGALYA PROSPER,TATA ELXSI
route_56,V-TATA ELXSI,NAGARBHAVI BUS STOP,TATA ELXSI
route_27,V- 226KBS,WONDER LA,
route_26,V- 226HSR,WONDER LA,
route_25,V- 226ELC,WONDER LA,
route_28,V- 226WF,WONDER LA,
route_11,KIA-4,KEMPEGOWDA INTERNATIONAL AIRPOR,VAYU VAJRA SERVICE
route_1,KIA -5,BANASHANKARI TTMC,VAYUVAJRA SERVICE
route_1,KIA -5,BANASHANKARI TTMC,VAYU VAJRA SERVICE
route_2,KIA -5D,SILK INSTITUTE METRO STATION,VAYUVAJRA SERVICE
route_12,KIA-6,KEMPEGOWDA INTERNATIONAL AIRPOR,VAYU VAJRA SERVICE
route_19,KIAS-6A,KEMPEGOWDA INTERNATIONAL AIRPOR,VAYU VAJRA SERVICE
route_13,KIA-7,KEMPEGOWDA INTERNATIONAL AIRPOR,
route_14,KIA-7A,HSR BDA COMPLEX,VAYU VAJRA SERVICE
route_20,KIAS-7-A,HSR BDA COMPLEX,
route_21,KIAS-7A,HSR BDA COMPLEX,VAYU VAJRA SERVICE
route_21,KIAS-7A,HSR BDA COMPLEX,
route_3,KIA -8,KEMPEGOWDA INTERNATIONAL AIRPOR,VAYUVAJRA SERVICE
route_15,KIA-8C,KEMPEGOWDA INTERNATIONAL AIRPOR,
route_4,KIA -8D,KEMPEGOWDA INTERNATIONAL AIRPOR,VAYU VAJRA SERVICE
route_16,KIA-8D,KEMPEGOWDA INTERNATIONAL AIRPOR,VAYU VAJRA SERVICE
route_17,KIA-8E,TO ELECTORNIC CITY WIPRO GATE,
route_18,KIA-9,KEMPEGOWDA BUS STATION,VAYU VAJRA SERVICE
route_18,KIA-9,KEMPEGOWDA BUS STATION,VAYUVAJRA SERVICE
route_5,KIA-10,KEMPEGOWDA INTERNATIONAL AIRPOR,VAYUVAJRA SERVICE
route_5,KIA-10,KEMPEGOWDA INTERNATIONAL AIRPOR,
route_6,KIA-12,KEMPEGOWDA INTERNATIONAL AIRPOR,VAYU VAJRA SERVICE
route_7,KIA-14,KEMPEGOWDA  INTERNATIONAL AIRPOR,
route_8,KIA-15,KEMPEGOWDA INTERNATIONAL AIRPOR,VAYU VAJRA SERVICE
route_8,KIA-15,KEMPEGOWDA INTERNATIONAL AIRPORT  (BACK GATE),VAYU VAJRA SERVICE
route_10,KIA-17/1,KEMPEGOWDA INTERNATIONAL AIRPOR,VAYUVAJRA SERVICE
route_9,KIA-17,KEMPEGOWDA INTERNATIONAL AIRPOR,VAYUVAJRA SERVICE
route_24,MF-500L,TIN FACTORY,BANASHANKARI TTMC
route_22,MF-300E,SHIVAJINAGARA BUS STATION,KR PURAM
route_23,MF-304K,TIN FACTORY,CHANNASANDRA
