schedule_id,Schedule_Code,route_id,timetable_id
schedule_411,VMF-6/1,route_57,0
schedule_412,VMF-6/2,route_57,1
schedule_413,VMF-6/3,route_57,2
schedule_414,VMF-6/4,route_57,3
schedule_415,VMF-6/5,route_57,4
schedule_399,V-G7/1,route_55,5
schedule_400,V-G7/2,route_55,6
schedule_401,V-G7/3,route_55,7
schedule_402,V-G7/4,route_55,8
schedule_403,V-G7/5,route_55,9
schedule_404,V-G7/6,route_55,10
schedule_156,V-13/1,route_30,11
schedule_157,V-13/2,route_30,12
schedule_158,V-13/3,route_30,13
schedule_159,V-13/4,route_30,14
schedule_160,V-13/5,route_30,15
schedule_164,V-15E/1,route_32,16
schedule_165,V-15E/2,route_32,17
schedule_166,V-15E/3,route_32,18
schedule_167,V-15E/4,route_32,19
schedule_168,V-15E/5,route_32,20
schedule_153,V-129/1,route_29,21
schedule_154,V-129/2,route_29,22
schedule_155,V-129/3,route_29,23
schedule_161,V-150/1,route_31,24
schedule_162,V-150/2,route_31,25
schedule_163,V-150/3,route_31,26
schedule_169,V-215H/4,route_33,27
schedule_170,V-215H/5,route_33,28
schedule_171,V-240M/1,route_34,29
schedule_177,V-240M/2,route_34,30
schedule_178,V-240M/3,route_34,31
schedule_179,V-240M/4,route_34,32
schedule_180,V-240M/5,route_34,33
schedule_181,V-240M/6,route_34,34
schedule_182,V-240M/7,route_34,35
schedule_183,V-240M/8,route_34,36
schedule_184,V-240M/9,route_34,37
schedule_172,V-240M/10,route_34,38
schedule_173,V-240M/11,route_34,39
schedule_174,V-240M/12,route_34,40
schedule_175,V-240M/13,route_34,41
schedule_176,V-240M/14,route_34,42
schedule_185,V-276/1,route_35,43
schedule_186,V-276/2,route_35,44
schedule_187,V-276/3,route_35,45
schedule_188,V-276/4,route_35,46
schedule_189,V-276/5,route_35,47
schedule_190,V-276/6,route_35,48
schedule_191,V-285M/1,route_36,49
schedule_199,V-285M/2,route_36,50
schedule_200,V-285M/3,route_36,51
schedule_201,V-285M/4,route_36,52
schedule_202,V-285M/5,route_36,53
schedule_203,V-285M/6,route_36,54
schedule_204,V-285M/7,route_36,55
schedule_205,V-285M/8,route_36,56
schedule_206,V-285M/9,route_36,57
schedule_192,V-285M/10,route_36,58
schedule_193,V-285M/11,route_36,59
schedule_194,V-285M/12,route_36,60
schedule_195,V-285M/13,route_36,61
schedule_196,V-285M/14,route_36,62
schedule_197,V-285M/15,route_36,63
schedule_198,V-285M/16,route_36,64
schedule_207,V-317A/1,route_37,65
schedule_208,V-317A/2,route_37,66
schedule_209,V-317A/3,route_37,67
schedule_210,V-317A/4,route_37,68
schedule_211,V-317A/5,route_37,69
schedule_212,V-317A/6,route_37,70
schedule_213,V-317A/7,route_37,71
schedule_248,V-342F/1,route_40,72
schedule_250,V-342F/2,route_40,73
schedule_251,V-342F/3,route_40,74
schedule_252,V-342F/4,route_40,75
schedule_253,V-342F/5,route_40,76
schedule_254,V-342F/6,route_40,77
schedule_255,V-342F/7,route_40,78
schedule_256,V-342F/8,route_40,79
schedule_257,V-342F/9,route_40,80
schedule_249,V-342F/10,route_40,81
schedule_214,V-333E/1,route_38,82
schedule_215,V-333E/2,route_38,83
schedule_216,V-333E/3,route_38,84
schedule_217,V-333E/4,route_38,85
schedule_218,V-333E/5,route_38,86
schedule_219,V-333E/6,route_38,87
schedule_220,V-335E/1,route_39,88
schedule_231,V-335E/2,route_39,89
schedule_241,V-335E/3,route_39,90
schedule_242,V-335E/4,route_39,91
schedule_243,V-335E/5,route_39,92
schedule_244,V-335E/6,route_39,93
schedule_245,V-335E/7,route_39,94
schedule_246,V-335E/8,route_39,95
schedule_247,V-335E/9,route_39,96
schedule_221,V-335E/10,route_39,97
schedule_222,V-335E/11,route_39,98
schedule_223,V-335E/12,route_39,99
schedule_224,V-335E/13,route_39,100
schedule_225,V-335E/14,route_39,101
schedule_226,V-335E/15,route_39,102
schedule_227,V-335E/16,route_39,103
schedule_228,V-335E/17,route_39,104
schedule_229,V-335E/18,route_39,105
schedule_230,V-335E/19,route_39,106
schedule_232,V-335E/20,route_39,107
schedule_233,V-335E/21,route_39,108
schedule_234,V-335E/22,route_39,109
schedule_235,V-335E/23,route_39,110
schedule_236,V-335E/24,route_39,111
schedule_237,V-335E/25,route_39,112
schedule_238,V-335E/26,route_39,113
schedule_239,V-335E/27,route_39,114
schedule_240,V-335E/28,route_39,115
schedule_258,V-356M/1,route_41,116
schedule_259,V-356M/2,route_41,117
schedule_260,V-356M/3,route_41,118
schedule_261,V-356M/4,route_41,119
schedule_262,V-356M/5,route_41,120
schedule_263,V-356M/6,route_41,121
schedule_264,V-356M/7,route_41,122
schedule_265,V-356M/8,route_41,123
schedule_266,V-360B/1,route_42,124
schedule_277,V-360B/2,route_42,125
schedule_282,V-360B/3,route_42,126
schedule_283,V-360B/4,route_42,127
schedule_284,V-360B/5,route_42,128
schedule_285,V-360B/6,route_42,129
schedule_286,V-360B/7,route_42,130
schedule_287,V-360B/8,route_42,131
schedule_288,V-360B/9,route_42,132
schedule_267,V-360B/10,route_42,133
schedule_268,V-360B/11,route_42,134
schedule_269,V-360B/12,route_42,135
schedule_270,V-360B/13,route_42,136
schedule_271,V-360B/14,route_42,137
schedule_272,V-360B/15,route_42,138
schedule_273,V-360B/16,route_42,139
schedule_274,V-360B/17,route_42,140
schedule_275,V-360B/18,route_42,141
schedule_276,V-360B/19,route_42,142
schedule_278,V-360B/20,route_42,143
schedule_279,V-360B/21,route_42,144
schedule_280,V-360B/22,route_42,145
schedule_281,V-360B/23,route_42,146
schedule_289,V-365/1,route_43,147
schedule_290,V-365/2,route_43,148
schedule_291,V-365/3,route_43,149
schedule_292,V-365/4,route_43,150
schedule_293,V-365/6,route_43,151
schedule_294,V-365J/1,route_44,152
schedule_295,V-365J/2,route_44,153
schedule_296,V-365J/3,route_44,154
schedule_297,V-365J/4,route_44,155
schedule_298,V-365J/5,route_44,156
schedule_299,V-365J/6,route_44,157
schedule_300,V-365Y/1,route_45,158
schedule_301,V-365Y/2,route_45,159
schedule_302,V-378/1,route_46,160
schedule_304,V-378/2,route_46,161
schedule_305,V-378/3,route_46,162
schedule_306,V-378/4,route_46,163
schedule_307,V-378/8,route_46,164
schedule_303,V-378/10,route_46,165
schedule_325,V-500CA/1,route_48,166
schedule_336,V-500CA/2,route_48,167
schedule_347,V-500CA/3,route_48,168
schedule_351,V-500CA/4,route_48,169
schedule_352,V-500CA/5,route_48,170
schedule_353,V-500CA/6,route_48,171
schedule_354,V-500CA/7,route_48,172
schedule_355,V-500CA/8,route_48,173
schedule_356,V-500CA/9,route_48,174
schedule_326,V-500CA/10,route_48,175
schedule_327,V-500CA/11,route_48,176
schedule_328,V-500CA/12,route_48,177
schedule_329,V-500CA/13,route_48,178
schedule_330,V-500CA/14,route_48,179
schedule_331,V-500CA/15,route_48,180
schedule_332,V-500CA/16,route_48,181
schedule_333,V-500CA/17,route_48,182
schedule_334,V-500CA/18,route_48,183
schedule_335,V-500CA/19,route_48,184
schedule_337,V-500CA/20,route_48,185
schedule_338,V-500CA/21,route_48,186
schedule_339,V-500CA/22,route_48,187
schedule_340,V-500CA/23,route_48,188
schedule_341,V-500CA/24,route_48,189
schedule_342,V-500CA/25,route_48,190
schedule_343,V-500CA/26,route_48,191
schedule_344,V-500CA/27,route_48,192
schedule_345,V-500CA/28,route_48,193
schedule_346,V-500CA/29,route_48,194
schedule_348,V-500CA/30,route_48,195
schedule_349,V-500CA/31,route_48,196
schedule_350,V-500CA/32,route_48,197
schedule_357,V-500CK/1,route_49,198
schedule_358,V-500CK/2,route_49,199
schedule_359,V-500CK/3,route_49,200
schedule_360,V-500CK/4,route_49,201
schedule_361,V-500CK/5,route_49,202
schedule_362,V-500CK/6,route_49,203
schedule_363,V-500CK/7,route_49,204
schedule_364,V-500CK/8,route_49,205
schedule_365,V-500D/1,route_50,206
schedule_374,V-500D/2,route_50,207
schedule_375,V-500D/3,route_50,208
schedule_376,V-500D/4,route_50,209
schedule_377,V-500D/5,route_50,210
schedule_378,V-500D/6,route_50,211
schedule_379,V-500D/7,route_50,212
schedule_380,V-500D/8,route_50,213
schedule_381,V-500D/9,route_50,214
schedule_366,V-500D/10,route_50,215
schedule_367,V-500D/11,route_50,216
schedule_368,V-500D/12,route_50,217
schedule_369,V-500D/13,route_50,218
schedule_370,V-500D/14,route_50,219
schedule_371,V-500D/15,route_50,220
schedule_372,V-500D/16,route_50,221
schedule_373,V-500D/17,route_50,222
schedule_382,V-500DF/1,route_51,223
schedule_383,V-500DF/2,route_51,224
schedule_384,V-500DF/3,route_51,225
schedule_385,V-500DF/4,route_51,226
schedule_386,V-500DF/5,route_51,227
schedule_387,V-500DF/6,route_51,228
schedule_308,V-500A/1,route_47,229
schedule_317,V-500A/2,route_47,230
schedule_318,V-500A/3,route_47,231
schedule_319,V-500A/4,route_47,232
schedule_320,V-500A/5,route_47,233
schedule_321,V-500A/6,route_47,234
schedule_322,V-500A/7,route_47,235
schedule_323,V-500A/8,route_47,236
schedule_324,V-500A/9,route_47,237
schedule_309,V-500A/10,route_47,238
schedule_310,V-500A/11,route_47,239
schedule_311,V-500A/12,route_47,240
schedule_312,V-500A/13,route_47,241
schedule_313,V-500A/14,route_47,242
schedule_314,V-500A/15,route_47,243
schedule_315,V-500A/16,route_47,244
schedule_316,V-500A/17,route_47,245
schedule_388,V-500F/1,route_52,246
schedule_389,V-500F/2,route_52,247
schedule_390,V-500F/3,route_52,248
schedule_391,V-500F/4,route_52,249
schedule_392,V-500F/5,route_52,250
schedule_393,V-500F/6,route_52,251
schedule_394,V-500F/7,route_52,252
schedule_395,V-500F/8,route_52,253
schedule_396,V-500KE/1,route_53,254
schedule_397,V-500KE/2,route_53,255
schedule_398,V-BENGALURU DARSHINI-01,route_54,256
schedule_405,V-TATA ELXSI-01,route_56,257
schedule_406,V-TATA ELXSI-02,route_56,258
schedule_407,V-TATA ELXSI-03,route_56,259
schedule_408,V-TATA ELXSI-04,route_56,260
schedule_409,V-TATA ELXSI-05,route_56,261
schedule_410,V-TATA ELXSI-06,route_56,262
schedule_146,V- 226KBS/1,route_27,263
schedule_147,V- 226KBS/2,route_27,264
schedule_148,V- 226KBS/3,route_27,265
schedule_149,V- 226KBS/4,route_27,266
schedule_150,V- 226KBS/5,route_27,267
schedule_151,V- 226KBS/6,route_27,268
schedule_142,V- 226HSR/1,route_26,269
schedule_143,V- 226HSR/2,route_26,270
schedule_144,V- 226HSR/3,route_26,271
schedule_145,V- 226HSR/4,route_26,272
schedule_141,V- 226ELC/1,route_25,273
schedule_152,V- 226WF/1,route_28,274
schedule_67,KIA-4/1,route_11,275
schedule_68,KIA-4/2,route_11,276
schedule_69,KIA-4/3,route_11,277
schedule_70,KIA-4/4,route_11,278
schedule_71,KIA-4/5,route_11,279
schedule_72,KIA-4/6,route_11,280
schedule_73,KIA-4/7,route_11,281
schedule_74,KIA-4/8,route_11,282
schedule_1,KIA -5/1,route_1,283
schedule_2,KIA -5/2,route_1,284
schedule_3,KIA -5/3,route_1,285
schedule_4,KIA -5/4,route_1,286
schedule_5,KIA -5/5,route_1,287
schedule_6,KIA -5/6,route_1,288
schedule_7,KIA -5/7,route_1,289
schedule_8,KIA -5/8,route_1,290
schedule_9,KIA -5/9,route_1,291
schedule_10,KIA -5D/1,route_2,292
schedule_11,KIA -5D/2,route_2,293
schedule_12,KIA -5D/3,route_2,294
schedule_13,KIA -5D/4,route_2,295
schedule_35,KIA- 6/1,route_12,296
schedule_36,KIA- 6/2,route_12,297
schedule_32,KIA- 6 /3,route_12,298
schedule_33,KIA- 6 /4,route_12,299
schedule_34,KIA- 6 /5,route_12,300
schedule_37,KIA- 6/6,route_12,301
schedule_105,KIAS-6A/1,route_19,302
schedule_106,KIAS-6A/2,route_19,303
schedule_75,KIA-7/1,route_13,304
schedule_76,KIA-7/2,route_13,305
schedule_77,KIA-7/3,route_13,306
schedule_78,KIA-7A/1,route_14,307
schedule_79,KIA-7A/2,route_14,308
schedule_107,KIAS-7-A/3,route_20,309
schedule_108,KIAS-7A/4,route_21,310
schedule_109,KIAS-7A/5,route_21,311
schedule_110,KIAS-7A/6,route_21,312
schedule_14,KIA -8/1,route_3,313
schedule_23,KIA -8/2,route_3,314
schedule_24,KIA -8/3,route_3,315
schedule_25,KIA -8/4,route_3,316
schedule_26,KIA -8/5,route_3,317
schedule_27,KIA -8/6,route_3,318
schedule_28,KIA -8/7,route_3,319
schedule_29,KIA -8/8,route_3,320
schedule_30,KIA -8/9,route_3,321
schedule_15,KIA -8/10,route_3,322
schedule_16,KIA -8/11,route_3,323
schedule_17,KIA -8/12,route_3,324
schedule_18,KIA -8/13,route_3,325
schedule_19,KIA -8/14,route_3,326
schedule_20,KIA -8/15,route_3,327
schedule_21,KIA -8/16,route_3,328
schedule_22,KIA -8/17,route_3,329
schedule_80,KIA-8C/1,route_15,330
schedule_81,KIA-8C/2,route_15,331
schedule_82,KIA-8C/3,route_15,332
schedule_83,KIA-8C/4,route_15,333
schedule_31,KIA -8D/1,route_4,334
schedule_84,KIA-8D/2,route_16,335
schedule_85,KIA-8E/1,route_17,336
schedule_86,KIA-8E/2,route_17,337
schedule_87,KIA-8E/3,route_17,338
schedule_88,KIA-8E/4,route_17,339
schedule_89,KIA-9/1,route_18,340
schedule_97,KIA-9/2,route_18,341
schedule_98,KIA-9/3,route_18,342
schedule_99,KIA-9/4,route_18,343
schedule_100,KIA-9/5,route_18,344
schedule_101,KIA-9/6,route_18,345
schedule_102,KIA-9/7,route_18,346
schedule_103,KIA-9/8,route_18,347
schedule_104,KIA-9/9,route_18,348
schedule_90,KIA-9/10,route_18,349
schedule_91,KIA-9/11,route_18,350
schedule_92,KIA-9/12,route_18,351
schedule_93,KIA-9/13,route_18,352
schedule_94,KIA-9/14,route_18,353
schedule_95,KIA-9/15,route_18,354
schedule_96,KIA-9/16,route_18,355
schedule_38,KIA-10/1,route_5,356
schedule_40,KIA-10/2,route_5,357
schedule_41,KIA-10/3,route_5,358
schedule_42,KIA-10/4,route_5,359
schedule_43,KIA-10/5,route_5,360
schedule_44,KIA-10/6,route_5,361
schedule_45,KIA-10/7,route_5,362
schedule_46,KIA-10/8,route_5,363
schedule_47,KIA-10/9,route_5,364
schedule_39,KIA-10/10,route_5,365
schedule_48,KIA-12/1,route_6,366
schedule_49,KIA-12/2,route_6,367
schedule_50,KIA-12/3,route_6,368
schedule_51,KIA-14/1,route_7,369
schedule_52,KIA-14/2,route_7,370
schedule_53,KIA-14/3,route_7,371
schedule_54,KIA-14/4,route_7,372
schedule_55,KIA-14/5,route_7,373
schedule_56,KIA-14/6,route_7,374
schedule_57,KIA-14/7,route_7,375
schedule_58,KIA-14/8,route_7,376
schedule_59,KIA-15/1,route_8,377
schedule_60,KIA-15/2,route_8,378
schedule_61,KIA-15/3,route_8,379
schedule_62,KIA-15/4,route_8,380
schedule_63,KIA-17/1,route_10,381
schedule_64,KIA-17/2,route_9,382
schedule_65,KIA-17/3,route_9,383
schedule_66,KIA-17/4,route_9,384
schedule_137,MF-500L/5,route_24,385
schedule_138,MF-500L/6,route_24,386
schedule_139,MF-500L/8,route_24,387
schedule_140,MF-500L/9,route_24,388
schedule_129,MF-500L/10,route_24,389
schedule_130,MF-500L/11,route_24,390
schedule_131,MF-500L/13,route_24,391
schedule_132,MF-500L/16,route_24,392
schedule_133,MF-500L/17,route_24,393
schedule_134,MF-500L/20,route_24,394
schedule_135,MF-500L/23,route_24,395
schedule_136,MF-500L/24,route_24,396
schedule_116,MF-300E/4,route_22,397
schedule_117,MF-300E/6,route_22,398
schedule_118,MF-300E/7,route_22,399
schedule_111,MF-300E/12,route_22,400
schedule_112,MF-300E/16,route_22,401
schedule_113,MF-300E/18,route_22,402
schedule_114,MF-300E/20,route_22,403
schedule_115,MF-300E/22,route_22,404
schedule_126,MF-304K/7,route_23,405
schedule_127,MF-304K/8,route_23,406
schedule_128,MF-304K/9,route_23,407
schedule_119,MF-304K/10,route_23,408
schedule_120,MF-304K/11,route_23,409
schedule_121,MF-304K/12,route_23,410
schedule_122,MF-304K/13,route_23,411
schedule_123,MF-304K/14,route_23,412
schedule_124,MF-304K/15,route_23,413
schedule_125,MF-304K/16,route_23,414
